{"cameraMode":{"drawMode":0,"name":"Shaded","section":"Shading Mode"},"sceneLighting":true,"audioPlay":false,"sceneViewState":{"m_AlwaysRefresh":false,"showFog":true,"showSkybox":true,"showFlares":true,"showImageEffects":true,"showParticleSystems":true,"showVisualEffectGraphs":true,"m_FxEnabled":true},"in2DMode":false,"pivot":{"x":0.8312952518463135,"y":0.8818230032920837,"z":-0.37470319867134097},"rotation":{"x":0.0014620580477640033,"y":-0.9982583522796631,"z":-0.028148436918854715,"w":-0.051849614828825},"size":1.2980467081069947,"orthographic":false}